Passengerid,Age,Fare,Sex,sibsp,Parch,Pclass,Survived,Embarked_1.0,Embarked_2.0
1,0.2734560942001754,7.25,0,1,0,3,0,False,True
2,0.4738819992484029,71.2833,1,1,0,1,1,False,False
3,0.32356257046223225,7.925,1,0,0,3,1,False,True
4,0.43630214205186024,53.1,1,1,0,1,1,False,True
5,0.43630214205186024,8.05,0,0,0,3,0,False,True
6,0.3486158085932607,8.4583,0,0,0,3,0,True,False
7,0.6743079042966303,51.8625,0,0,0,1,0,False,True
8,0.02292371288989102,21.075,0,3,1,3,0,False,True
9,0.33608918952774647,11.1333,1,0,2,3,1,False,True
10,0.17324314167606164,30.0708,1,1,0,2,1,False,False
11,0.04797695102091946,16.7,1,1,1,3,1,False,True
12,0.7244143805586872,26.55,1,0,0,1,1,False,True
13,0.24840285606914697,8.05,0,0,0,3,0,False,True
14,0.48640861831391713,31.275,0,1,5,3,0,False,True
15,0.17324314167606164,7.8542,1,0,0,3,0,False,True
16,0.6868345233621446,16.0,1,0,0,2,1,False,True
17,0.02292371288989102,29.125,0,4,1,3,0,True,False
18,0.3486158085932607,13.0,0,0,0,2,1,False,True
19,0.38619566578980336,18.0,1,1,0,3,0,False,True
20,0.3486158085932607,7.225,1,0,0,3,1,False,False
21,0.43630214205186024,26.0,0,0,0,2,0,False,True
22,0.423775522986346,13.0,0,0,0,2,1,False,True
23,0.18576976074157586,8.0292,1,0,0,3,1,True,False
24,0.3486158085932607,35.5,0,0,0,1,1,False,True
25,0.09808342728297632,21.075,1,3,1,3,0,False,True
26,0.4738819992484029,31.3875,1,1,5,3,1,False,True
27,0.3486158085932607,7.225,0,0,0,3,0,False,False
28,0.23587623700363275,263.0,0,3,2,1,0,False,True
29,0.3486158085932607,7.8792,1,0,0,3,1,True,False
30,0.3486158085932607,7.8958,0,0,0,3,0,False,True
31,0.49893523737943135,27.7208,0,0,0,1,0,False,False
32,0.3486158085932607,146.5208,1,1,0,1,1,False,False
33,0.3486158085932607,7.75,1,0,0,3,1,True,False
34,0.824627333082801,10.5,0,0,0,2,0,False,True
35,0.3486158085932607,82.1708,0,1,0,1,0,False,False
36,0.5239884755104598,52.0,0,1,0,1,0,False,True
37,0.3486158085932607,7.2292,0,0,0,3,1,False,False
38,0.2609294751346612,8.05,0,0,0,3,0,False,True
39,0.22334961793811853,18.0,1,2,0,3,0,False,True
40,0.17324314167606164,11.2417,1,1,0,3,1,False,False
41,0.49893523737943135,9.475,1,1,0,3,0,False,True
42,0.33608918952774647,21.0,1,1,0,2,0,False,True
43,0.3486158085932607,7.8958,0,0,0,3,0,False,False
44,0.035450331955405236,41.5792,1,1,2,2,1,False,False
45,0.23587623700363275,7.8792,1,0,0,3,1,True,False
46,0.3486158085932607,8.05,0,0,0,3,0,False,True
47,0.3486158085932607,15.5,0,1,0,3,0,True,False
48,0.3486158085932607,7.75,1,0,0,3,1,True,False
49,0.3486158085932607,21.6792,0,2,0,3,0,False,False
50,0.22334961793811853,17.8,1,1,0,3,0,False,True
51,0.0855568082174621,39.6875,0,4,1,3,0,False,True
52,0.2609294751346612,7.8,0,0,0,3,0,False,True
53,0.6116748089690592,76.7292,1,1,0,1,1,False,False
54,0.3611424276587749,26.0,1,1,0,2,1,False,True
55,0.8121007140172868,61.9792,0,0,1,1,0,False,False
56,0.3486158085932607,35.5,0,0,0,1,1,False,True
57,0.2609294751346612,10.5,1,0,0,2,1,False,True
58,0.3548791181260178,7.2292,0,0,0,3,0,False,False
59,0.06050357008643368,27.75,1,1,2,2,1,False,True
60,0.135663284479519,46.9,0,5,2,3,0,False,True
61,0.2734560942001754,7.2292,0,0,0,3,0,False,False
62,0.4738819992484029,80.0,1,0,0,1,1,False,True
63,0.5615683327070025,83.475,0,1,0,1,0,False,True
64,0.04797695102091946,27.9,0,3,2,3,0,False,True
65,0.3486158085932607,27.7208,0,0,0,1,0,False,False
66,0.3486158085932607,15.2458,0,1,1,3,1,False,False
67,0.3611424276587749,10.5,1,0,0,2,1,False,True
68,0.23587623700363275,8.1583,0,0,0,3,0,False,True
69,0.2108229988726043,7.925,1,4,2,3,1,False,True
70,0.32356257046223225,8.6625,0,2,0,3,0,False,True
71,0.3987222848553176,10.5,0,0,0,2,0,False,True
72,0.19829637980709008,46.9,1,5,2,3,0,False,True
73,0.2609294751346612,73.5,0,0,0,2,0,False,True
74,0.32356257046223225,14.4542,0,1,0,3,0,False,False
75,0.3987222848553176,56.4958,0,0,0,3,1,False,True
76,0.311035951396718,7.65,0,0,0,3,0,False,True
77,0.3486158085932607,7.8958,0,0,0,3,0,False,True
78,0.3486158085932607,8.05,0,0,0,3,0,False,True
79,0.008267568583239383,29.0,0,0,2,2,1,False,True
80,0.37366904672428913,12.475,1,0,0,3,1,False,True
81,0.2734560942001754,9.0,0,0,0,3,0,False,True
82,0.3611424276587749,9.5,0,0,0,3,1,False,True
83,0.3486158085932607,7.7875,1,0,0,3,1,True,False
84,0.3486158085932607,47.1,0,0,0,1,0,False,True
85,0.2108229988726043,10.5,1,0,0,2,1,False,True
86,0.4112489039208318,15.85,1,3,0,3,1,False,True
87,0.19829637980709008,34.375,0,1,3,3,0,False,True
88,0.3486158085932607,8.05,0,0,0,3,0,False,True
89,0.28598271326568964,263.0,1,3,2,1,1,False,True
90,0.2985093323312038,8.05,0,0,0,3,0,False,True
91,0.3611424276587749,8.05,0,0,0,3,0,False,True
92,0.24840285606914697,7.8542,0,0,0,3,0,False,True
93,0.5740949517725167,61.175,0,1,0,1,0,False,True
94,0.32356257046223225,20.575,0,1,2,3,0,False,True
95,0.7369409996242015,7.25,0,0,0,3,0,False,True
96,0.3486158085932607,8.05,0,0,0,3,0,False,True
97,0.8872604284103721,34.6542,0,0,0,1,0,False,False
98,0.28598271326568964,63.3583,0,0,1,1,1,False,False
99,0.423775522986346,23.0,1,0,1,2,1,False,True
100,0.423775522986346,26.0,0,1,0,2,0,False,True
101,0.3486158085932607,7.8958,1,0,0,3,0,False,True
102,0.3486158085932607,7.8958,0,0,0,3,0,False,True
103,0.2609294751346612,77.2875,0,0,1,1,0,False,True
104,0.4112489039208318,8.6542,0,0,0,3,0,False,True
105,0.4613553801828887,7.925,0,2,0,3,0,False,True
106,0.3486158085932607,7.8958,0,0,0,3,0,False,True
107,0.2609294751346612,7.65,1,0,0,3,1,False,True
108,0.3486158085932607,7.775,0,0,0,3,1,False,True
109,0.4738819992484029,7.8958,0,0,0,3,0,False,True
110,0.3486158085932607,24.15,1,1,0,3,1,True,False
111,0.5866215708380309,52.0,0,0,0,1,0,False,True
112,0.17950645120881875,14.4542,1,1,0,3,0,False,False
113,0.2734560942001754,8.05,0,0,0,3,0,False,True
114,0.24840285606914697,9.825,1,1,0,3,0,False,True
115,0.2108229988726043,14.4583,1,0,0,3,0,False,False
116,0.2609294751346612,7.925,0,0,0,3,0,False,True
117,0.880997118877615,7.75,0,0,0,3,0,True,False
118,0.3611424276587749,21.0,0,1,0,2,0,False,True
119,0.2985093323312038,247.5208,0,0,1,1,0,False,False
120,0.02292371288989102,31.275,1,4,2,3,0,False,True
121,0.2609294751346612,73.5,0,2,0,2,0,False,True
122,0.3486158085932607,8.05,0,0,0,3,0,False,True
123,0.4049855943880747,30.0708,0,1,0,2,0,False,False
124,0.4049855943880747,13.0,1,0,0,2,1,False,True
125,0.6743079042966303,77.2875,0,0,1,1,0,False,True
126,0.1481899035450332,11.2417,0,1,0,3,1,False,False
127,0.3486158085932607,7.75,0,0,0,3,0,True,False
128,0.2985093323312038,7.1417,0,0,0,3,1,False,True
129,0.3486158085932607,22.3583,1,1,1,3,1,False,False
130,0.5615683327070025,6.975,0,0,0,3,0,False,True
131,0.4112489039208318,7.8958,0,0,0,3,0,False,False
132,0.24840285606914697,7.05,0,0,0,3,0,False,True
133,0.5866215708380309,14.5,1,1,0,3,0,False,True
134,0.3611424276587749,26.0,1,1,0,2,1,False,True
135,0.311035951396718,13.0,0,0,0,2,0,False,True
136,0.28598271326568964,15.0458,0,0,0,2,0,False,False
137,0.23587623700363275,26.2833,1,0,2,1,1,False,True
138,0.4613553801828887,53.1,0,1,0,1,0,False,True
139,0.19829637980709008,9.2167,0,0,0,3,0,False,True
140,0.2985093323312038,79.2,0,0,0,1,0,False,False
141,0.3486158085932607,15.2458,1,0,2,3,0,False,False
142,0.2734560942001754,7.75,1,0,0,3,1,False,True
143,0.2985093323312038,15.85,1,1,0,3,1,False,True
144,0.23587623700363275,6.75,0,0,0,3,0,True,False
145,0.22334961793811853,11.5,0,0,0,2,0,False,True
146,0.23587623700363275,36.75,0,1,1,2,0,False,True
147,0.33608918952774647,7.7958,0,0,0,3,1,False,True
148,0.11061004634849055,34.375,1,2,2,3,0,False,True
149,0.4550920706501316,26.0,0,0,2,2,0,False,True
150,0.5239884755104598,13.0,0,0,0,2,0,False,True
151,0.6367280471000877,12.525,0,0,0,2,0,False,True
152,0.2734560942001754,66.6,1,1,0,1,1,False,True
153,0.6930978328949017,8.05,0,0,0,3,0,False,True
154,0.5051985469121885,14.5,0,0,2,3,0,False,True
155,0.3486158085932607,7.3125,0,0,0,3,0,False,True
156,0.6367280471000877,61.3792,0,0,1,1,0,False,False
157,0.19829637980709008,7.7333,1,0,0,3,1,True,False
158,0.37366904672428913,8.05,0,0,0,3,0,False,True
159,0.3486158085932607,8.6625,0,0,0,3,0,False,True
160,0.3486158085932607,69.55,0,8,2,3,0,False,True
161,0.5490417136414882,16.1,0,0,1,3,0,False,True
162,0.49893523737943135,15.75,1,0,0,2,1,False,True
163,0.32356257046223225,7.775,0,0,0,3,0,False,True
164,0.2108229988726043,8.6625,0,0,0,3,0,False,True
165,0.0103970938243768,39.6875,0,4,1,3,0,False,True
166,0.11061004634849055,20.525,0,0,2,3,1,False,True
167,0.3486158085932607,55.0,1,0,1,1,1,False,True
168,0.5615683327070025,27.9,1,1,4,3,0,False,True
169,0.3486158085932607,25.925,0,0,0,1,0,False,True
170,0.3486158085932607,56.4958,0,0,0,3,0,False,True
171,0.7619942377552299,33.5,0,0,0,1,0,False,True
172,0.04797695102091946,29.125,0,4,1,3,0,True,False
173,0.0103970938243768,11.1333,1,1,1,3,1,False,True
174,0.2609294751346612,7.925,0,0,0,3,0,False,True
175,0.6993611424276588,30.6958,0,0,0,1,0,False,False
176,0.22334961793811853,7.8542,0,1,1,3,0,False,True
177,0.3486158085932607,25.4667,0,3,1,3,0,False,True
178,0.6242014280345735,28.7125,1,0,0,1,0,False,False
179,0.37366904672428913,13.0,0,0,0,2,0,False,True
180,0.44882876111737446,0.0,0,0,0,3,0,False,True
181,0.3486158085932607,69.55,1,8,2,3,0,False,True
182,0.3486158085932607,15.05,0,0,0,2,0,False,False
183,0.11061004634849055,31.3875,0,4,2,3,0,False,True
184,0.0103970938243768,39.0,0,2,1,2,1,False,True
185,0.04797695102091946,22.025,1,0,2,3,1,False,True
186,0.3486158085932607,50.0,0,0,0,1,0,False,True
187,0.3486158085932607,15.5,1,1,0,3,1,True,False
188,0.5615683327070025,26.55,0,0,0,1,1,False,True
189,0.49893523737943135,15.5,0,1,1,3,0,True,False
190,0.44882876111737446,7.8958,0,0,0,3,0,False,True
191,0.3987222848553176,13.0,1,0,0,2,1,False,True
192,0.23587623700363275,13.0,0,0,0,2,0,False,True
193,0.23587623700363275,7.8542,1,1,0,3,1,False,True
194,0.035450331955405236,26.0,0,1,1,2,1,False,True
195,0.5490417136414882,27.7208,1,0,0,1,1,False,False
196,0.7244143805586872,146.5208,1,0,0,1,1,False,False
197,0.3486158085932607,7.75,0,0,0,3,0,True,False
198,0.5239884755104598,8.4042,0,0,1,3,0,False,True
199,0.3486158085932607,7.75,1,0,0,3,1,True,False
200,0.2985093323312038,13.0,1,0,0,2,0,False,True
201,0.3486158085932607,9.5,0,0,0,3,0,False,True
202,0.3486158085932607,69.55,0,8,2,3,0,False,True
203,0.423775522986346,6.4958,0,0,0,3,0,False,True
204,0.5678316422397596,7.225,0,0,0,3,0,False,False
205,0.22334961793811853,8.05,0,0,0,3,1,False,True
206,0.02292371288989102,10.4625,1,0,1,3,0,False,True
207,0.3987222848553176,15.85,0,1,0,3,0,False,True
208,0.32356257046223225,18.7875,0,0,0,3,1,False,False
209,0.19829637980709008,7.75,1,0,0,3,1,True,False
210,0.49893523737943135,31.0,0,0,0,1,1,False,False
211,0.2985093323312038,7.05,0,0,0,3,0,False,True
212,0.43630214205186024,21.0,1,0,0,2,1,False,True
213,0.2734560942001754,7.25,0,0,0,3,0,False,True
214,0.37366904672428913,13.0,0,0,0,2,0,False,True
215,0.3486158085932607,7.75,0,1,0,3,0,True,False
216,0.38619566578980336,113.275,1,1,0,1,1,False,False
217,0.33608918952774647,7.925,1,0,0,3,1,False,True
218,0.5239884755104598,27.0,0,1,0,2,0,False,True
219,0.3987222848553176,76.2917,1,0,0,1,1,False,False
220,0.37366904672428913,10.5,0,0,0,2,0,False,True
221,0.19829637980709008,8.05,0,0,0,3,1,False,True
222,0.33608918952774647,13.0,0,0,0,2,0,False,True
223,0.6367280471000877,8.05,0,0,0,3,0,False,True
224,0.3486158085932607,7.8958,0,0,0,3,0,False,True
225,0.4738819992484029,90.0,0,1,0,1,1,False,True
226,0.2734560942001754,9.35,0,0,0,3,0,False,True
227,0.23587623700363275,10.5,0,0,0,2,1,False,True
228,0.2546661656019041,7.25,0,0,0,3,0,False,True
229,0.22334961793811853,13.0,0,0,0,2,0,False,True
230,0.3486158085932607,25.4667,1,3,1,3,0,False,True
231,0.43630214205186024,83.475,1,1,0,1,1,False,True
232,0.3611424276587749,7.775,0,0,0,3,0,False,True
233,0.7369409996242015,13.5,0,0,0,2,0,False,True
234,0.06050357008643368,31.3875,1,4,2,3,1,False,True
235,0.2985093323312038,10.5,0,0,0,2,0,False,True
236,0.3486158085932607,7.55,1,0,0,3,0,False,True
237,0.5490417136414882,26.0,0,1,0,2,0,False,True
238,0.09808342728297632,26.25,1,0,2,2,1,False,True
239,0.23587623700363275,10.5,0,0,0,2,0,False,True
240,0.4112489039208318,12.275,0,0,0,2,0,False,True
241,0.3486158085932607,14.4542,1,1,0,3,0,False,False
242,0.3486158085932607,15.5,1,1,0,3,1,True,False
243,0.3611424276587749,10.5,0,0,0,2,0,False,True
244,0.2734560942001754,7.125,0,0,0,3,0,False,True
245,0.37366904672428913,7.225,0,0,0,3,0,False,False
246,0.5490417136414882,90.0,0,2,0,1,0,True,False
247,0.311035951396718,7.775,1,0,0,3,0,False,True
248,0.2985093323312038,14.5,1,0,2,2,1,False,True
249,0.4613553801828887,52.5542,0,1,1,1,1,False,True
250,0.6743079042966303,26.0,0,1,0,2,0,False,True
251,0.3486158085932607,7.25,0,0,0,3,0,False,True
252,0.3611424276587749,10.4625,1,1,1,3,0,False,True
253,0.7745208568207441,26.55,0,0,0,1,0,False,True
254,0.37366904672428913,16.1,0,1,0,3,0,False,True
255,0.5114618564449456,20.2125,1,0,2,3,0,False,True
256,0.3611424276587749,15.2458,1,0,2,3,1,False,False
257,0.3486158085932607,79.2,1,0,0,1,1,False,False
258,0.37366904672428913,86.5,1,0,0,1,1,False,True
259,0.43630214205186024,512.3292,1,0,0,1,1,False,False
260,0.6242014280345735,26.0,1,0,1,2,1,False,True
261,0.3486158085932607,7.75,0,0,0,3,0,True,False
262,0.035450331955405236,31.3875,0,4,2,3,1,False,True
263,0.6492546661656019,79.65,0,1,1,1,0,False,True
264,0.49893523737943135,0.0,0,0,0,1,0,False,True
265,0.3486158085932607,7.75,1,0,0,3,0,True,False
266,0.44882876111737446,10.5,0,0,0,2,0,False,True
267,0.19829637980709008,39.6875,0,4,1,3,0,False,True
268,0.311035951396718,7.775,0,1,0,3,1,False,True
269,0.7244143805586872,153.4625,1,0,1,1,1,False,True
270,0.43630214205186024,135.6333,1,0,0,1,1,False,True
271,0.3486158085932607,31.0,0,0,0,1,0,False,True
272,0.311035951396718,0.0,0,0,0,3,1,False,True
273,0.5114618564449456,19.5,1,0,1,2,1,False,True
274,0.4613553801828887,29.7,0,0,1,1,0,False,False
275,0.3486158085932607,7.75,1,0,0,3,1,True,False
276,0.7870474758862583,77.9583,1,1,0,1,1,False,True
277,0.5615683327070025,7.75,1,0,0,3,0,False,True
278,0.3486158085932607,0.0,0,0,0,2,0,False,True
279,0.0855568082174621,29.125,0,4,1,3,0,True,False
280,0.43630214205186024,20.25,1,1,1,3,1,False,True
281,0.8121007140172868,7.75,0,0,0,3,0,True,False
282,0.3486158085932607,7.8542,0,0,0,3,0,False,True
283,0.19829637980709008,9.5,0,0,0,3,0,False,True
284,0.23587623700363275,8.05,0,0,0,3,1,False,True
285,0.3486158085932607,26.0,0,0,0,1,0,False,True
286,0.4112489039208318,8.6625,0,0,0,3,0,False,False
287,0.37366904672428913,9.5,0,0,0,3,1,False,True
288,0.2734560942001754,7.8958,0,0,0,3,0,False,True
289,0.5239884755104598,13.0,0,0,0,2,1,False,True
290,0.2734560942001754,7.75,1,0,0,3,1,True,False
291,0.32356257046223225,78.85,1,0,0,1,1,False,True
292,0.23587623700363275,91.0792,1,1,0,1,1,False,False
293,0.44882876111737446,12.875,0,0,0,2,0,False,False
294,0.2985093323312038,8.85,1,0,0,3,0,False,True
295,0.2985093323312038,7.8958,0,0,0,3,0,False,True
296,0.3486158085932607,27.7208,0,0,0,1,0,False,False
297,0.29224602279844675,7.2292,0,0,0,3,0,False,False
298,0.02292371288989102,151.55,1,1,2,1,0,False,True
299,0.3486158085932607,30.5,0,0,0,1,1,False,True
300,0.6242014280345735,247.5208,1,0,1,1,1,False,False
301,0.3486158085932607,7.75,1,0,0,3,1,True,False
302,0.3486158085932607,23.25,0,2,0,3,1,True,False
303,0.23587623700363275,0.0,0,0,0,3,0,False,True
304,0.3486158085932607,12.35,1,0,0,2,1,True,False
305,0.3486158085932607,8.05,0,0,0,3,0,False,True
306,0.009394964299135665,151.55,0,1,2,1,1,False,True
307,0.3486158085932607,110.8833,1,0,0,1,1,False,False
308,0.2108229988726043,108.9,1,1,0,1,1,False,False
309,0.37366904672428913,24.0,0,1,0,2,0,False,False
310,0.37366904672428913,56.9292,1,0,0,1,1,False,False
311,0.2985093323312038,83.1583,1,0,0,1,1,False,False
312,0.22334961793811853,262.375,1,2,2,1,1,False,False
313,0.32356257046223225,26.0,1,1,1,2,0,False,True
314,0.3486158085932607,7.8958,0,0,0,3,0,False,True
315,0.536515094575974,26.25,0,1,1,2,0,False,True
316,0.32356257046223225,7.8542,1,0,0,3,1,False,True
317,0.2985093323312038,26.0,1,1,0,2,1,False,True
318,0.6743079042966303,14.0,0,0,0,2,0,False,True
319,0.38619566578980336,164.8667,1,0,2,1,1,False,True
320,0.49893523737943135,134.5,1,1,1,1,1,False,False
321,0.2734560942001754,7.25,0,0,0,3,0,False,True
322,0.33608918952774647,7.8958,0,0,0,3,0,False,True
323,0.37366904672428913,12.35,1,0,0,2,1,True,False
324,0.2734560942001754,29.0,1,1,1,2,1,False,True
325,0.3486158085932607,69.55,0,8,2,3,0,False,True
326,0.44882876111737446,135.6333,1,0,0,1,1,False,False
327,0.7619942377552299,6.2375,0,0,0,3,0,False,True
328,0.44882876111737446,13.0,1,0,0,2,1,False,True
329,0.38619566578980336,20.525,1,1,1,3,1,False,True
330,0.19829637980709008,57.9792,1,0,1,1,1,False,False
331,0.3486158085932607,23.25,1,2,0,3,1,True,False
332,0.5678316422397596,28.5,0,0,0,1,0,False,True
333,0.4738819992484029,153.4625,0,0,1,1,0,False,True
334,0.19829637980709008,18.0,0,2,0,3,0,False,True
335,0.3486158085932607,133.65,1,1,0,1,1,False,True
336,0.3486158085932607,7.8958,0,0,0,3,0,False,True
337,0.3611424276587749,66.6,0,1,0,1,0,False,True
338,0.5114618564449456,134.5,1,0,0,1,1,False,False
339,0.5615683327070025,8.05,0,0,0,3,1,False,True
340,0.5615683327070025,35.5,0,0,0,1,0,False,True
341,0.02292371288989102,26.0,0,1,1,2,1,False,True
342,0.2985093323312038,263.0,1,3,2,1,1,False,True
343,0.3486158085932607,13.0,0,0,0,2,0,False,True
344,0.311035951396718,13.0,0,0,0,2,0,False,True
345,0.44882876111737446,13.0,0,0,0,2,0,False,True
346,0.2985093323312038,13.0,1,0,0,2,1,False,True
347,0.49893523737943135,13.0,1,0,0,2,1,False,True
348,0.3486158085932607,16.1,1,1,0,3,1,False,True
349,0.035450331955405236,15.9,0,1,1,3,1,False,True
350,0.5239884755104598,8.6625,0,0,0,3,0,False,True
351,0.28598271326568964,9.225,0,0,0,3,0,False,True
352,0.3486158085932607,35.0,0,0,0,1,0,False,True
353,0.18576976074157586,7.2292,0,1,1,3,0,False,False
354,0.311035951396718,17.8,0,1,0,3,0,False,True
355,0.3486158085932607,7.225,0,0,0,3,0,False,False
356,0.3486158085932607,9.5,0,0,0,3,0,False,True
357,0.2734560942001754,55.0,1,0,1,1,1,False,True
358,0.4738819992484029,13.0,1,0,0,2,0,False,True
359,0.3486158085932607,7.8792,1,0,0,3,1,True,False
360,0.3486158085932607,7.8792,1,0,0,3,1,True,False
361,0.49893523737943135,27.9,0,1,4,3,0,False,True
362,0.3611424276587749,27.7208,0,1,0,2,0,False,False
363,0.5615683327070025,14.4542,1,0,1,3,0,False,False
364,0.43630214205186024,7.05,0,0,0,3,0,False,True
365,0.3486158085932607,15.5,0,1,0,3,0,True,False
366,0.37366904672428913,7.25,0,0,0,3,0,False,True
367,0.7494676186897157,75.25,1,1,0,1,1,False,False
368,0.3486158085932607,7.2292,1,0,0,3,1,False,False
369,0.3486158085932607,7.75,1,0,0,3,1,True,False
370,0.2985093323312038,69.3,1,0,0,1,1,False,False
371,0.311035951396718,55.4417,0,1,0,1,1,False,False
372,0.22334961793811853,6.4958,0,1,0,3,0,False,True
373,0.23587623700363275,8.05,0,0,0,3,0,False,True
374,0.2734560942001754,135.6333,0,0,0,1,0,False,False
375,0.035450331955405236,21.075,1,3,1,3,0,False,True
376,0.3486158085932607,82.1708,1,1,0,1,1,False,False
377,0.2734560942001754,7.25,1,0,0,3,1,False,True
378,0.33608918952774647,211.5,0,0,2,1,0,False,False
379,0.24840285606914697,4.0125,0,0,0,3,0,False,False
380,0.23587623700363275,7.775,0,0,0,3,0,False,True
381,0.5239884755104598,227.525,1,0,0,1,1,False,False
382,0.0103970938243768,15.7417,1,0,2,3,1,False,False
383,0.3987222848553176,7.925,0,0,0,3,0,False,True
384,0.43630214205186024,52.0,1,1,0,1,1,False,True
385,0.3486158085932607,7.8958,0,0,0,3,0,False,True
386,0.22334961793811853,73.5,0,0,0,2,0,False,True
387,0.0103970938243768,46.9,0,5,2,3,0,False,True
388,0.44882876111737446,13.0,1,0,0,2,1,False,True
389,0.3486158085932607,7.7292,0,0,0,3,0,True,False
390,0.2108229988726043,12.0,1,0,0,2,1,False,False
391,0.44882876111737446,120.0,0,1,2,1,1,False,True
392,0.2609294751346612,7.7958,0,0,0,3,1,False,True
393,0.3486158085932607,7.925,0,2,0,3,0,False,True
394,0.28598271326568964,113.275,1,1,0,1,1,False,False
395,0.2985093323312038,16.7,1,0,2,3,1,False,True
396,0.2734560942001754,7.7958,0,0,0,3,0,False,True
397,0.38619566578980336,7.8542,1,0,0,3,0,False,True
398,0.5740949517725167,26.0,0,0,0,2,0,False,True
399,0.28598271326568964,10.5,0,0,0,2,0,False,True
400,0.3486158085932607,12.65,1,0,0,2,1,False,True
401,0.48640861831391713,7.925,0,0,0,3,1,False,True
402,0.32356257046223225,8.05,0,0,0,3,0,False,True
403,0.2609294751346612,9.825,1,1,0,3,0,False,True
404,0.3486158085932607,15.85,0,1,0,3,0,False,True
405,0.24840285606914697,8.6625,1,0,0,3,0,False,True
406,0.423775522986346,21.0,0,1,0,2,0,False,True
407,0.6367280471000877,7.75,0,0,0,3,0,False,True
408,0.035450331955405236,18.75,0,1,1,2,1,False,True
409,0.2609294751346612,7.775,0,0,0,3,0,False,True
410,0.3486158085932607,25.4667,1,3,1,3,0,False,True
411,0.3486158085932607,7.8958,0,0,0,3,0,False,True
412,0.3486158085932607,6.8583,0,0,0,3,0,True,False
413,0.4112489039208318,90.0,1,1,0,1,1,True,False
414,0.3486158085932607,0.0,0,0,0,2,0,False,True
415,0.5490417136414882,7.925,0,0,0,3,1,False,True
416,0.3486158085932607,8.05,1,0,0,3,0,False,True
417,0.423775522986346,32.5,1,1,1,2,1,False,True
418,0.22334961793811853,13.0,1,0,2,2,1,False,True
419,0.37366904672428913,13.0,0,0,0,2,0,False,True
420,0.12313666541400477,24.15,1,0,2,3,0,False,True
421,0.3486158085932607,7.8958,0,0,0,3,0,False,False
422,0.2609294751346612,7.7333,0,0,0,3,0,True,False
423,0.3611424276587749,7.875,0,0,0,3,0,False,True
424,0.3486158085932607,14.4,1,1,1,3,0,False,True
425,0.22334961793811853,20.2125,0,1,1,3,0,False,True
426,0.3486158085932607,7.25,0,0,0,3,0,False,True
427,0.3486158085932607,26.0,1,1,0,2,1,False,True
428,0.23587623700363275,26.0,1,0,0,2,1,False,True
429,0.3486158085932607,7.75,0,0,0,3,0,True,False
430,0.3987222848553176,8.05,0,0,0,3,1,False,True
431,0.3486158085932607,26.55,0,0,0,1,1,False,True
432,0.3486158085932607,16.1,1,1,0,3,1,False,True
433,0.5239884755104598,26.0,1,1,0,2,1,False,True
434,0.2108229988726043,7.125,0,0,0,3,0,False,True
435,0.6242014280345735,55.9,0,1,0,1,0,False,True
436,0.17324314167606164,120.0,1,1,2,1,1,False,True
437,0.2609294751346612,34.375,1,2,2,3,0,False,True
438,0.2985093323312038,18.75,1,2,3,2,1,False,True
439,0.7995740949517726,263.0,0,1,4,1,0,False,True
440,0.38619566578980336,10.5,0,0,0,2,0,False,True
441,0.5615683327070025,26.25,1,1,1,2,1,False,True
442,0.24840285606914697,9.5,0,0,0,3,0,False,True
443,0.311035951396718,7.775,0,1,0,3,0,False,True
444,0.3486158085932607,13.0,1,0,0,2,1,False,True
445,0.3486158085932607,8.1125,0,0,0,3,1,False,True
446,0.04797695102091946,81.8583,0,0,2,1,1,False,True
447,0.16071652261054742,19.5,1,0,1,2,1,False,True
448,0.423775522986346,26.55,0,0,0,1,1,False,True
449,0.06050357008643368,19.2583,1,2,1,3,1,False,False
450,0.6492546661656019,30.5,0,0,0,1,1,False,True
451,0.44882876111737446,27.75,0,1,2,2,0,False,True
452,0.3486158085932607,19.9667,0,1,0,3,0,False,True
453,0.37366904672428913,27.75,0,0,0,1,0,False,False
454,0.6116748089690592,89.1042,0,1,0,1,1,False,False
455,0.3486158085932607,8.05,0,0,0,3,0,False,True
456,0.3611424276587749,7.8958,0,0,0,3,1,False,False
457,0.8121007140172868,26.55,0,0,0,1,0,False,True
458,0.3486158085932607,51.8625,1,1,0,1,1,False,True
459,0.6242014280345735,10.5,1,0,0,2,1,False,True
460,0.3486158085932607,7.75,0,0,0,3,0,True,False
461,0.599148189903545,26.55,0,0,0,1,1,False,True
462,0.423775522986346,8.05,0,0,0,3,0,False,True
463,0.5866215708380309,38.5,0,0,0,1,0,False,True
464,0.599148189903545,13.0,0,0,0,2,0,False,True
465,0.3486158085932607,8.05,0,0,0,3,0,False,True
466,0.4738819992484029,7.05,0,0,0,3,0,False,True
467,0.3486158085932607,0.0,0,0,0,2,0,False,True
468,0.6993611424276588,26.55,0,0,0,1,0,False,True
469,0.3486158085932607,7.725,0,0,0,3,0,True,False
470,0.007265439057998245,19.2583,1,2,1,3,1,False,False
471,0.3486158085932607,7.25,0,0,0,3,0,False,True
472,0.4738819992484029,8.6625,0,0,0,3,0,False,True
473,0.4112489039208318,27.75,1,1,2,2,1,False,True
474,0.28598271326568964,13.7917,1,0,0,2,1,False,False
475,0.2734560942001754,9.8375,1,0,0,3,0,False,True
476,0.3486158085932607,52.0,0,0,0,1,0,False,True
477,0.423775522986346,21.0,0,1,0,2,0,False,True
478,0.3611424276587749,7.0458,0,1,0,3,0,False,True
479,0.2734560942001754,7.5208,0,0,0,3,0,False,True
480,0.02292371288989102,12.2875,1,0,1,3,1,False,True
481,0.11061004634849055,46.9,0,5,2,3,0,False,True
482,0.3486158085932607,0.0,0,0,0,2,0,False,True
483,0.6242014280345735,8.05,0,0,0,3,0,False,True
484,0.7870474758862583,9.5875,1,0,0,3,1,False,True
485,0.311035951396718,91.0792,0,1,0,1,1,False,False
486,0.3486158085932607,25.4667,1,3,1,3,0,False,True
487,0.43630214205186024,90.0,1,1,0,1,1,False,True
488,0.7244143805586872,29.7,0,0,0,1,0,False,False
489,0.37366904672428913,8.05,0,0,0,3,0,False,True
490,0.11061004634849055,15.9,0,1,1,3,1,False,True
491,0.3486158085932607,19.9667,0,1,0,3,0,False,True
492,0.2609294751346612,7.25,0,0,0,3,0,False,True
493,0.6868345233621446,30.5,0,0,0,1,0,False,True
494,0.8872604284103721,49.5042,0,0,0,1,0,False,False
495,0.2609294751346612,8.05,0,0,0,3,0,False,True
496,0.3486158085932607,14.4583,0,0,0,3,0,False,False
497,0.6743079042966303,78.2667,1,1,0,1,1,False,False
498,0.3486158085932607,15.1,0,0,0,3,0,False,True
499,0.311035951396718,151.55,1,1,2,1,0,False,True
500,0.2985093323312038,7.7958,0,0,0,3,0,False,True
501,0.2108229988726043,8.6625,0,0,0,3,0,False,True
502,0.2609294751346612,7.75,1,0,0,3,0,True,False
503,0.3486158085932607,7.6292,1,0,0,3,0,True,False
504,0.4613553801828887,9.5875,1,0,0,3,0,False,True
505,0.19829637980709008,86.5,1,0,0,1,1,False,True
506,0.22334961793811853,108.9,0,1,0,1,0,False,False
507,0.4112489039208318,26.0,1,0,2,2,1,False,True
508,0.3486158085932607,26.55,0,0,0,1,1,False,True
509,0.3486158085932607,22.525,0,0,0,3,0,False,True
510,0.32356257046223225,56.4958,0,0,0,3,1,False,True
511,0.3611424276587749,7.75,0,0,0,3,1,True,False
512,0.3486158085932607,8.05,0,0,0,3,0,False,True
513,0.44882876111737446,26.2875,0,0,0,1,1,False,True
514,0.6743079042966303,59.4,1,1,0,1,1,False,False
515,0.2985093323312038,7.4958,0,0,0,3,0,False,True
516,0.5866215708380309,34.0208,0,0,0,1,0,False,True
517,0.423775522986346,10.5,1,0,0,2,1,False,True
518,0.3486158085932607,24.15,0,0,0,3,0,True,False
519,0.44882876111737446,26.0,1,1,0,2,1,False,True
520,0.3987222848553176,7.8958,0,0,0,3,0,False,True
521,0.37366904672428913,93.5,1,0,0,1,1,False,True
522,0.2734560942001754,7.8958,0,0,0,3,0,False,True
523,0.3486158085932607,7.225,0,0,0,3,0,False,False
524,0.5490417136414882,57.9792,1,0,1,1,1,False,False
525,0.3486158085932607,7.2292,0,0,0,3,0,False,False
526,0.5051985469121885,7.75,0,0,0,3,0,True,False
527,0.6242014280345735,10.5,1,0,0,2,1,False,True
528,0.3486158085932607,221.7792,0,0,0,1,0,False,True
529,0.48640861831391713,7.925,0,0,0,3,0,False,True
530,0.28598271326568964,11.5,0,2,1,2,0,False,True
531,0.02292371288989102,26.0,1,1,1,2,1,False,True
532,0.3486158085932607,7.2292,0,0,0,3,0,False,False
533,0.2108229988726043,7.2292,0,1,1,3,0,False,False
534,0.3486158085932607,22.3583,1,0,2,3,1,False,False
535,0.37366904672428913,8.6625,1,0,0,3,0,False,True
536,0.0855568082174621,26.25,1,0,2,2,1,False,True
537,0.5615683327070025,26.55,0,0,0,1,0,False,True
538,0.37366904672428913,106.425,1,0,0,1,1,False,False
539,0.3486158085932607,14.5,0,0,0,3,0,False,True
540,0.2734560942001754,49.5,1,0,2,1,1,False,False
541,0.44882876111737446,71.0,1,0,2,1,1,False,True
542,0.11061004634849055,31.275,1,4,2,3,0,False,True
543,0.135663284479519,31.275,1,4,2,3,0,False,True
544,0.3987222848553176,26.0,0,1,0,2,1,False,True
545,0.6242014280345735,106.425,0,1,0,1,0,False,False
546,0.7995740949517726,26.0,0,0,0,1,0,False,True
547,0.23587623700363275,26.0,1,1,0,2,1,False,True
548,0.3486158085932607,13.8625,0,0,0,2,1,False,False
549,0.4112489039208318,20.525,0,1,1,3,0,False,True
550,0.09808342728297632,36.75,0,1,1,2,1,False,True
551,0.2108229988726043,110.8833,0,0,2,1,1,False,False
552,0.33608918952774647,26.0,0,0,0,2,0,False,True
553,0.3486158085932607,7.8292,0,0,0,3,0,True,False
554,0.2734560942001754,7.225,0,0,0,3,1,False,False
555,0.2734560942001754,7.775,1,0,0,3,1,False,True
556,0.7745208568207441,26.55,0,0,0,1,0,False,True
557,0.599148189903545,39.6,1,1,0,1,1,False,False
558,0.3486158085932607,227.525,0,0,0,1,0,False,False
559,0.48640861831391713,79.65,1,1,1,1,1,False,True
560,0.44882876111737446,17.4,1,1,0,3,1,False,True
561,0.3486158085932607,7.75,0,0,0,3,0,True,False
562,0.49893523737943135,7.8958,0,0,0,3,0,False,True
563,0.3486158085932607,13.5,0,0,0,2,0,False,True
564,0.3486158085932607,8.05,0,0,0,3,0,False,True
565,0.3486158085932607,8.05,1,0,0,3,0,False,True
566,0.2985093323312038,24.15,0,2,0,3,0,False,True
567,0.23587623700363275,7.8958,0,0,0,3,0,False,True
568,0.3611424276587749,21.075,1,0,4,3,0,False,True
569,0.3486158085932607,7.2292,0,0,0,3,0,False,False
570,0.3987222848553176,7.8542,0,0,0,3,1,False,True
571,0.7745208568207441,10.5,0,0,0,2,1,False,True
572,0.6617812852311161,51.4792,1,2,0,1,1,False,True
573,0.44882876111737446,26.3875,0,0,0,1,1,False,True
574,0.3486158085932607,7.75,1,0,0,3,1,True,False
575,0.19829637980709008,8.05,0,0,0,3,0,False,True
576,0.23587623700363275,14.5,0,0,0,3,0,False,True
577,0.423775522986346,13.0,1,0,0,2,1,False,True
578,0.48640861831391713,55.9,1,1,0,1,1,False,True
579,0.3486158085932607,14.4583,1,1,0,3,0,False,False
580,0.3987222848553176,7.925,0,0,0,3,1,False,True
581,0.311035951396718,30.0,1,1,1,2,1,False,True
582,0.48640861831391713,110.8833,1,1,1,1,1,False,False
583,0.6743079042966303,26.0,0,0,0,2,0,False,True
584,0.44882876111737446,40.125,0,0,0,1,0,False,False
585,0.3486158085932607,8.7125,0,0,0,3,0,False,False
586,0.22334961793811853,79.65,1,0,2,1,1,False,True
587,0.5866215708380309,15.0,0,0,0,2,0,False,True
588,0.7494676186897157,79.2,0,1,1,1,1,False,False
589,0.2734560942001754,8.05,0,0,0,3,0,False,True
590,0.3486158085932607,8.05,0,0,0,3,0,False,True
591,0.43630214205186024,7.125,0,0,0,3,0,False,True
592,0.6492546661656019,78.2667,1,1,0,1,1,False,False
593,0.5866215708380309,7.25,0,0,0,3,0,False,True
594,0.3486158085932607,7.75,1,0,2,3,0,True,False
595,0.4613553801828887,26.0,0,1,0,2,0,False,True
596,0.44882876111737446,24.15,0,1,1,3,0,False,True
597,0.3486158085932607,33.0,1,0,0,2,1,False,True
598,0.6116748089690592,0.0,0,0,0,3,0,False,True
599,0.3486158085932607,7.225,0,0,0,3,0,False,False
600,0.6116748089690592,56.9292,0,1,0,1,1,False,False
601,0.2985093323312038,27.0,1,2,1,2,1,False,True
602,0.3486158085932607,7.8958,0,0,0,3,0,False,True
603,0.3486158085932607,42.4,0,0,0,1,0,False,True
604,0.5490417136414882,8.05,0,0,0,3,0,False,True
605,0.43630214205186024,26.55,0,0,0,1,1,False,False
606,0.44882876111737446,15.55,0,1,0,3,0,False,True
607,0.37366904672428913,7.8958,0,0,0,3,0,False,True
608,0.33608918952774647,30.5,0,0,0,1,1,False,True
609,0.2734560942001754,41.5792,1,1,2,2,1,False,False
610,0.49893523737943135,153.4625,1,0,0,1,1,False,True
611,0.48640861831391713,31.275,1,1,5,3,0,False,True
612,0.3486158085932607,7.05,0,0,0,3,0,False,True
613,0.3486158085932607,15.5,1,1,0,3,1,True,False
614,0.3486158085932607,7.75,0,0,0,3,0,True,False
615,0.43630214205186024,8.05,0,0,0,3,0,False,True
616,0.2985093323312038,65.0,1,1,2,2,1,False,True
617,0.423775522986346,14.4,0,1,1,3,0,False,True
618,0.32356257046223225,16.1,1,1,0,3,0,False,True
619,0.04797695102091946,39.0,1,2,1,2,1,False,True
620,0.32356257046223225,10.5,0,0,0,2,0,False,True
621,0.33608918952774647,14.4542,0,1,0,3,0,False,False
622,0.5239884755104598,52.5542,0,1,0,1,1,False,True
623,0.24840285606914697,15.7417,0,1,1,3,1,False,False
624,0.2609294751346612,7.8542,0,0,0,3,0,False,True
625,0.2609294751346612,16.1,0,0,0,3,0,False,True
626,0.7619942377552299,32.3208,0,0,0,1,0,False,True
627,0.711887761493173,12.35,0,0,0,2,0,True,False
628,0.2609294751346612,77.9583,1,0,0,1,1,False,True
629,0.32356257046223225,7.8958,0,0,0,3,0,False,True
630,0.3486158085932607,7.7333,0,0,0,3,0,True,False
631,1.0,30.0,0,0,0,1,1,False,True
632,0.6367280471000877,7.0542,0,0,0,3,0,False,True
633,0.3987222848553176,30.5,0,0,0,1,1,False,False
634,0.3486158085932607,0.0,0,0,0,1,0,False,True
635,0.11061004634849055,27.9,1,3,2,3,0,False,True
636,0.3486158085932607,13.0,1,0,0,2,1,False,True
637,0.3987222848553176,7.925,0,0,0,3,0,False,True
638,0.38619566578980336,26.25,0,1,1,2,0,False,True
639,0.5114618564449456,39.6875,1,0,5,3,0,False,True
640,0.3486158085932607,16.1,0,1,0,3,0,False,True
641,0.24840285606914697,7.8542,0,0,0,3,0,False,True
642,0.2985093323312038,69.3,1,0,0,1,1,False,False
643,0.02292371288989102,27.9,1,3,2,3,0,False,True
644,0.3486158085932607,56.4958,0,0,0,3,1,False,True
645,0.007265439057998245,19.2583,1,2,1,3,1,False,False
646,0.599148189903545,76.7292,0,1,0,1,1,False,False
647,0.23587623700363275,7.8958,0,0,0,3,0,False,True
648,0.6993611424276588,35.5,0,0,0,1,1,False,False
649,0.3486158085932607,7.55,0,0,0,3,0,False,True
650,0.28598271326568964,7.55,1,0,0,3,1,False,True
651,0.3486158085932607,7.8958,0,0,0,3,0,False,True
652,0.22334961793811853,23.0,1,0,1,2,1,False,True
653,0.2609294751346612,8.4333,0,0,0,3,0,False,True
654,0.3486158085932607,7.8292,1,0,0,3,1,True,False
655,0.22334961793811853,6.75,1,0,0,3,0,True,False
656,0.2985093323312038,73.5,0,2,0,2,0,False,True
657,0.3486158085932607,7.8958,0,0,0,3,0,False,True
658,0.3987222848553176,15.5,1,1,1,3,0,True,False
659,0.28598271326568964,13.0,0,0,0,2,0,False,True
660,0.7244143805586872,113.275,0,0,2,1,0,False,False
661,0.6242014280345735,133.65,0,2,0,1,1,False,True
662,0.49893523737943135,7.225,0,0,0,3,0,False,False
663,0.5866215708380309,25.5875,0,0,0,1,0,False,True
664,0.44882876111737446,7.4958,0,0,0,3,0,False,True
665,0.24840285606914697,7.925,0,1,0,3,1,False,True
666,0.3987222848553176,73.5,0,2,0,2,0,False,True
667,0.311035951396718,13.0,0,0,0,2,0,False,True
668,0.3486158085932607,7.775,0,0,0,3,0,False,True
669,0.536515094575974,8.05,0,0,0,3,0,False,True
670,0.3486158085932607,52.0,1,1,0,1,1,False,True
671,0.49893523737943135,39.0,1,1,1,2,1,False,True
672,0.38619566578980336,52.0,0,1,0,1,0,False,True
673,0.8747338093448579,10.5,0,0,0,2,0,False,True
674,0.38619566578980336,13.0,0,0,0,2,1,False,True
675,0.3486158085932607,0.0,0,0,0,2,0,False,True
676,0.22334961793811853,7.775,0,0,0,3,0,False,True
677,0.3047726418639609,8.05,0,0,0,3,0,False,True
678,0.22334961793811853,9.8417,1,0,0,3,1,False,True
679,0.536515094575974,46.9,1,1,6,3,0,False,True
680,0.44882876111737446,512.3292,0,0,1,1,1,False,False
681,0.3486158085932607,8.1375,1,0,0,3,0,True,False
682,0.33608918952774647,76.7292,0,0,0,1,1,False,False
683,0.24840285606914697,9.225,0,0,0,3,0,False,True
684,0.17324314167606164,46.9,0,5,2,3,0,False,True
685,0.7494676186897157,39.0,0,1,1,2,0,False,True
686,0.311035951396718,41.5792,0,1,2,2,0,False,False
687,0.17324314167606164,39.6875,0,4,1,3,0,False,True
688,0.23587623700363275,10.1708,0,0,0,3,0,False,True
689,0.22334961793811853,7.7958,0,0,0,3,0,False,True
690,0.18576976074157586,211.3375,1,0,1,1,1,False,True
691,0.38619566578980336,57.0,0,1,0,1,1,False,True
692,0.04797695102091946,13.4167,1,0,1,3,1,False,False
693,0.3486158085932607,56.4958,0,0,0,3,1,False,True
694,0.311035951396718,7.225,0,0,0,3,0,False,False
695,0.7494676186897157,26.55,0,0,0,1,0,False,True
696,0.6492546661656019,13.5,0,0,0,2,0,False,True
697,0.5490417136414882,8.05,0,0,0,3,0,False,True
698,0.3486158085932607,7.7333,1,0,0,3,1,True,False
699,0.6116748089690592,110.8833,0,1,1,1,0,False,False
700,0.5239884755104598,7.65,0,0,0,3,0,False,True
701,0.22334961793811853,227.525,1,1,0,1,1,False,False
702,0.43630214205186024,26.2875,0,0,0,1,1,False,True
703,0.22334961793811853,14.4542,1,0,1,3,0,False,False
704,0.311035951396718,7.7417,0,0,0,3,0,True,False
705,0.32356257046223225,7.8542,0,1,0,3,0,False,True
706,0.48640861831391713,26.0,0,0,0,2,0,False,True
707,0.5615683327070025,13.5,1,0,0,2,1,False,True
708,0.5239884755104598,26.2875,0,0,0,1,1,False,True
709,0.2734560942001754,151.55,1,0,0,1,1,False,True
710,0.3486158085932607,15.2458,0,1,1,3,1,False,False
711,0.2985093323312038,49.5042,1,0,0,1,1,False,False
712,0.3486158085932607,26.55,0,0,0,1,0,False,True
713,0.599148189903545,52.0,0,1,0,1,1,False,True
714,0.3611424276587749,9.4833,0,0,0,3,0,False,True
715,0.6492546661656019,13.0,0,0,0,2,0,False,True
716,0.23587623700363275,7.65,0,0,0,3,0,False,True
717,0.4738819992484029,227.525,1,0,0,1,1,False,False
718,0.33608918952774647,10.5,1,0,0,2,1,False,True
719,0.3486158085932607,15.5,0,0,0,3,0,True,False
720,0.4112489039208318,7.775,0,0,0,3,0,False,True
721,0.07303018915194788,33.0,1,0,1,2,1,False,True
722,0.2108229988726043,7.0542,0,1,0,3,0,False,True
723,0.423775522986346,13.0,0,0,0,2,0,False,True
724,0.6242014280345735,13.0,0,0,0,2,0,False,True
725,0.33608918952774647,53.1,0,1,0,1,1,False,True
726,0.24840285606914697,8.6625,0,0,0,3,0,False,True
727,0.37366904672428913,21.0,1,3,0,2,1,False,True
728,0.3486158085932607,7.7375,1,0,0,3,1,True,False
729,0.311035951396718,26.0,0,1,0,2,0,False,True
730,0.311035951396718,7.925,1,1,0,3,0,False,True
731,0.3611424276587749,211.3375,1,0,0,1,1,False,True
732,0.135663284479519,18.7875,0,0,0,3,0,False,False
733,0.3486158085932607,0.0,0,0,0,2,0,False,True
734,0.28598271326568964,13.0,0,0,0,2,0,False,True
735,0.28598271326568964,13.0,0,0,0,2,0,False,True
736,0.3548791181260178,16.1,0,0,0,3,0,False,True
737,0.599148189903545,34.375,1,1,3,3,0,False,True
738,0.43630214205186024,512.3292,0,0,0,1,1,False,False
739,0.3486158085932607,7.8958,0,0,0,3,0,False,True
740,0.3486158085932607,7.8958,0,0,0,3,0,False,True
741,0.3486158085932607,30.0,0,0,0,1,1,False,True
742,0.44882876111737446,78.85,0,1,0,1,0,False,True
743,0.2609294751346612,262.375,1,2,2,1,1,False,False
744,0.2985093323312038,16.1,0,1,0,3,0,False,True
745,0.38619566578980336,7.925,0,0,0,3,1,False,True
746,0.8747338093448579,71.0,0,1,1,1,0,False,True
747,0.19829637980709008,20.25,0,1,1,3,0,False,True
748,0.37366904672428913,13.0,1,0,0,2,1,False,True
749,0.23587623700363275,53.1,0,1,0,1,0,False,True
750,0.38619566578980336,7.75,0,0,0,3,0,True,False
751,0.04797695102091946,23.0,1,1,1,2,1,False,True
752,0.07303018915194788,12.475,0,0,1,3,1,False,True
753,0.4112489039208318,9.5,0,0,0,3,0,False,True
754,0.28598271326568964,7.8958,0,0,0,3,0,False,True
755,0.599148189903545,65.0,1,1,2,2,1,False,True
756,0.006263309532757109,14.5,0,1,1,2,1,False,True
757,0.3486158085932607,7.7958,0,0,0,3,0,False,True
758,0.22334961793811853,11.5,0,0,0,2,0,False,True
759,0.423775522986346,8.05,0,0,0,3,0,False,True
760,0.4112489039208318,86.5,1,0,0,1,1,False,True
761,0.3486158085932607,14.5,0,0,0,3,0,False,True
762,0.5114618564449456,7.125,0,0,0,3,0,False,True
763,0.24840285606914697,7.2292,0,0,0,3,1,False,False
764,0.44882876111737446,120.0,1,1,2,1,1,False,True
765,0.19829637980709008,7.775,0,0,0,3,0,False,True
766,0.6367280471000877,77.9583,1,1,0,1,1,False,True
767,0.3486158085932607,39.6,0,0,0,1,0,False,False
768,0.37993235625704624,7.75,1,0,0,3,0,True,False
769,0.3486158085932607,24.15,0,1,0,3,0,True,False
770,0.3987222848553176,8.3625,0,0,0,3,0,False,True
771,0.2985093323312038,9.5,0,0,0,3,0,False,True
772,0.599148189903545,7.8542,0,0,0,3,0,False,True
773,0.711887761493173,10.5,1,0,0,2,0,False,True
774,0.3486158085932607,7.225,0,0,0,3,0,False,False
775,0.6743079042966303,23.0,1,1,3,2,1,False,True
776,0.22334961793811853,7.75,0,0,0,3,0,False,True
777,0.3486158085932607,7.75,0,0,0,3,0,True,False
778,0.06050357008643368,12.475,1,0,0,3,1,False,True
779,0.3486158085932607,7.7375,0,0,0,3,0,True,False
780,0.536515094575974,211.3375,1,0,1,1,1,False,True
781,0.16071652261054742,7.2292,1,0,0,3,1,False,False
782,0.2108229988726043,57.0,1,1,0,1,1,False,True
783,0.3611424276587749,30.0,0,0,0,1,0,False,True
784,0.3486158085932607,23.45,0,1,2,3,0,False,True
785,0.311035951396718,7.05,0,0,0,3,0,False,True
786,0.311035951396718,7.25,0,0,0,3,0,False,True
787,0.22334961793811853,7.4958,1,0,0,3,1,False,True
788,0.09808342728297632,29.125,0,4,1,3,0,True,False
789,0.0103970938243768,20.575,0,1,2,3,1,False,True
790,0.5740949517725167,79.2,0,0,0,1,0,False,False
791,0.3486158085932607,7.75,0,0,0,3,0,True,False
792,0.19829637980709008,26.0,0,0,0,2,0,False,True
793,0.3486158085932607,69.55,1,8,2,3,0,False,True
794,0.3486158085932607,30.6958,0,0,0,1,0,False,False
795,0.311035951396718,7.8958,0,0,0,3,0,False,True
796,0.48640861831391713,13.0,0,0,0,2,0,False,True
797,0.6116748089690592,25.9292,1,0,0,1,1,False,True
798,0.38619566578980336,8.6833,1,0,0,3,1,False,True
799,0.37366904672428913,7.2292,0,0,0,3,0,False,False
800,0.37366904672428913,24.15,1,1,1,3,0,False,True
801,0.423775522986346,13.0,0,0,0,2,0,False,True
802,0.38619566578980336,26.25,1,1,1,2,1,False,True
803,0.135663284479519,120.0,0,1,2,1,1,False,True
804,0.003131654766378554,8.5167,0,0,1,3,1,False,False
805,0.33608918952774647,6.975,0,0,0,3,1,False,True
806,0.38619566578980336,7.775,0,0,0,3,0,False,True
807,0.48640861831391713,0.0,0,0,0,1,0,False,True
808,0.22334961793811853,7.775,1,0,0,3,0,False,True
809,0.48640861831391713,13.0,0,0,0,2,0,False,True
810,0.4112489039208318,53.1,1,1,0,1,1,False,True
811,0.32356257046223225,7.8875,0,0,0,3,0,False,True
812,0.48640861831391713,24.15,0,0,0,3,0,False,True
813,0.43630214205186024,10.5,0,0,0,2,0,False,True
814,0.07303018915194788,31.275,1,4,2,3,0,False,True
815,0.37993235625704624,8.05,0,0,0,3,0,False,True
816,0.3486158085932607,0.0,0,0,0,1,0,False,True
817,0.28598271326568964,7.925,1,0,0,3,0,False,True
818,0.38619566578980336,37.0042,0,1,1,2,0,False,False
819,0.536515094575974,6.45,0,0,0,3,0,False,True
820,0.12313666541400477,27.9,0,3,2,3,0,False,True
821,0.6492546661656019,93.5,1,1,1,1,1,False,True
822,0.33608918952774647,8.6625,0,0,0,3,1,False,True
823,0.4738819992484029,0.0,0,0,0,1,0,False,True
824,0.33608918952774647,12.475,1,0,1,3,1,False,True
825,0.02292371288989102,39.6875,0,4,1,3,0,False,True
826,0.3486158085932607,6.95,0,0,0,3,0,True,False
827,0.3486158085932607,56.4958,0,0,0,3,0,False,True
828,0.0103970938243768,37.0042,0,0,2,2,1,False,False
829,0.3486158085932607,7.75,0,0,0,3,1,True,False
830,0.7745208568207441,80.0,1,0,0,1,1,False,True
831,0.18576976074157586,14.4542,1,1,0,3,1,False,False
832,0.008267568583239383,18.75,0,1,1,2,1,False,True
833,0.3486158085932607,7.2292,0,0,0,3,0,False,False
834,0.28598271326568964,7.8542,0,0,0,3,0,False,True
835,0.22334961793811853,8.3,0,0,0,3,0,False,True
836,0.48640861831391713,83.1583,1,1,1,1,1,False,False
837,0.2609294751346612,8.6625,0,0,0,3,0,False,True
838,0.3486158085932607,8.05,0,0,0,3,0,False,True
839,0.3987222848553176,56.4958,0,0,0,3,1,False,True
840,0.3486158085932607,29.7,0,0,0,1,1,False,False
841,0.24840285606914697,7.925,0,0,0,3,0,False,True
842,0.19829637980709008,10.5,0,0,0,2,0,False,True
843,0.37366904672428913,31.0,1,0,0,1,1,False,False
844,0.43003883251910313,6.4375,0,0,0,3,0,False,False
845,0.2108229988726043,8.6625,0,0,0,3,0,False,True
846,0.5239884755104598,7.55,0,0,0,3,0,False,True
847,0.3486158085932607,69.55,0,8,2,3,0,False,True
848,0.43630214205186024,7.8958,0,0,0,3,0,False,False
849,0.3486158085932607,33.0,0,0,1,2,0,False,True
850,0.3486158085932607,89.1042,1,1,0,1,1,False,False
851,0.04797695102091946,31.275,0,4,2,3,0,False,True
852,0.9248402856069148,7.775,0,0,0,3,0,False,True
853,0.11061004634849055,15.2458,1,1,1,3,0,False,False
854,0.19829637980709008,39.4,1,0,1,1,1,False,True
855,0.5490417136414882,26.0,1,1,0,2,0,False,True
856,0.22334961793811853,9.35,1,0,1,3,1,False,True
857,0.5615683327070025,164.8667,1,1,1,1,1,False,True
858,0.6367280471000877,26.55,0,0,0,1,1,False,True
859,0.2985093323312038,19.2583,1,0,3,3,1,False,False
860,0.3486158085932607,7.2292,0,0,0,3,0,False,False
861,0.5114618564449456,14.1083,0,2,0,3,0,False,True
862,0.2609294751346612,11.5,0,1,0,2,0,False,True
863,0.599148189903545,25.9292,1,0,0,1,1,False,True
864,0.3486158085932607,69.55,1,8,2,3,0,False,True
865,0.2985093323312038,13.0,0,0,0,2,0,False,True
866,0.5239884755104598,13.0,1,0,0,2,1,False,True
867,0.33608918952774647,13.8583,1,1,0,2,1,False,False
868,0.38619566578980336,50.4958,0,0,0,1,0,False,True
869,0.3486158085932607,9.5,0,0,0,3,0,False,True
870,0.04797695102091946,11.1333,0,1,1,3,1,False,True
871,0.32356257046223225,7.8958,0,0,0,3,0,False,True
872,0.5866215708380309,52.5542,1,1,1,1,1,False,True
873,0.4112489039208318,5.0,0,0,0,1,0,False,True
874,0.5866215708380309,9.0,0,0,0,3,0,False,True
875,0.3486158085932607,24.0,1,1,0,2,1,False,False
876,0.18576976074157586,7.225,1,0,0,3,1,False,False
877,0.24840285606914697,9.8458,0,0,0,3,0,False,True
878,0.23587623700363275,7.8958,0,0,0,3,0,False,True
879,0.3486158085932607,7.8958,0,0,0,3,0,False,True
880,0.6993611424276588,83.1583,1,0,1,1,1,False,False
881,0.311035951396718,26.0,1,0,1,2,1,False,True
882,0.4112489039208318,7.8958,0,0,0,3,0,False,True
883,0.2734560942001754,10.5167,1,0,0,3,0,False,True
884,0.3486158085932607,10.5,0,0,0,2,0,False,True
885,0.311035951396718,7.05,0,0,0,3,0,False,True
886,0.48640861831391713,29.125,1,0,5,3,0,True,False
887,0.33608918952774647,13.0,0,0,0,2,0,False,True
888,0.23587623700363275,30.0,1,0,0,1,1,False,True
889,0.3486158085932607,23.45,1,1,2,3,0,False,True
890,0.32356257046223225,30.0,0,0,0,1,1,False,False
891,0.3987222848553176,7.75,0,0,0,3,0,True,False
892,0.43003883251910313,7.8292,0,0,0,3,0,True,False
893,0.5866215708380309,7.0,1,1,0,3,0,False,True
894,0.7745208568207441,9.6875,0,0,0,2,0,True,False
895,0.33608918952774647,8.6625,0,0,0,3,0,False,True
896,0.2734560942001754,12.2875,1,1,1,3,0,False,True
897,0.17324314167606164,9.225,0,0,0,3,0,False,True
898,0.37366904672428913,7.6292,1,0,0,3,0,True,False
899,0.32356257046223225,29.0,0,1,1,2,0,False,True
900,0.22334961793811853,7.2292,1,0,0,3,0,False,False
901,0.2609294751346612,24.15,0,2,0,3,0,False,True
902,0.3486158085932607,7.8958,0,0,0,3,0,False,True
903,0.5740949517725167,26.0,0,0,0,1,0,False,True
904,0.28598271326568964,82.2667,1,1,0,1,0,False,True
905,0.7870474758862583,26.0,0,1,0,2,0,False,True
906,0.5866215708380309,61.175,1,1,0,1,0,False,True
907,0.2985093323312038,27.7208,1,1,0,2,0,False,False
908,0.43630214205186024,12.35,0,0,0,2,0,True,False
909,0.2609294751346612,7.225,0,0,0,3,0,False,False
910,0.33608918952774647,7.925,1,1,0,3,0,False,True
911,0.5615683327070025,7.225,1,0,0,3,0,False,False
912,0.6868345233621446,59.4,0,1,0,1,0,False,False
913,0.11061004634849055,3.1708,0,0,1,3,0,False,True
914,0.3486158085932607,31.6833,1,0,0,1,0,False,True
915,0.2609294751346612,61.3792,0,0,1,1,0,False,False
916,0.599148189903545,262.375,1,1,3,1,0,False,False
917,0.6242014280345735,14.5,0,1,0,3,0,False,True
918,0.2734560942001754,61.9792,1,0,1,1,0,False,False
919,0.2797194037329325,7.225,0,0,0,3,0,False,False
920,0.5114618564449456,30.5,0,0,0,1,0,False,True
921,0.3486158085932607,21.6792,0,2,0,3,0,False,False
922,0.6242014280345735,26.0,0,1,0,2,0,False,True
923,0.2985093323312038,31.5,0,2,0,2,0,False,True
924,0.4112489039208318,20.575,1,1,2,3,0,False,True
925,0.3486158085932607,23.45,1,1,2,3,0,False,True
926,0.37366904672428913,57.75,0,1,0,1,0,False,False
927,0.22961292747087564,7.2292,0,0,0,3,0,False,False
928,0.3486158085932607,8.05,1,0,0,3,0,False,True
929,0.2609294751346612,8.6625,1,0,0,3,0,False,True
930,0.311035951396718,9.5,0,0,0,3,0,False,True
931,0.3486158085932607,56.4958,0,0,0,3,0,False,True
932,0.48640861831391713,13.4167,0,0,1,3,0,False,False
933,0.3486158085932607,26.55,0,0,0,1,0,False,True
934,0.5114618564449456,7.85,0,0,0,3,0,False,True
935,0.37366904672428913,13.0,1,0,0,2,0,False,True
936,0.5615683327070025,52.5542,1,1,0,1,0,False,True
937,0.311035951396718,7.925,0,0,0,3,0,False,True
938,0.5615683327070025,29.7,0,0,0,1,0,False,False
939,0.3486158085932607,7.75,0,0,0,3,0,True,False
940,0.7494676186897157,76.2917,1,0,0,1,0,False,False
941,0.44882876111737446,15.9,1,0,2,3,0,False,True
942,0.2985093323312038,60.0,0,1,0,1,0,False,True
943,0.33608918952774647,15.0333,0,0,0,2,0,False,False
944,0.24840285606914697,23.0,1,2,1,2,0,False,True
945,0.3486158085932607,263.0,1,3,2,1,0,False,True
946,0.3486158085932607,15.5792,0,0,0,2,0,False,False
947,0.12313666541400477,29.125,0,4,1,3,0,True,False
948,0.43630214205186024,7.8958,0,0,0,3,0,False,True
949,0.311035951396718,7.65,0,0,0,3,0,False,True
950,0.3486158085932607,16.1,0,1,0,3,0,False,True
951,0.44882876111737446,262.375,1,0,0,1,0,False,False
952,0.2108229988726043,7.8958,0,0,0,3,0,False,True
953,0.3987222848553176,13.5,0,0,0,2,0,False,True
954,0.22334961793811853,7.75,0,0,0,3,0,False,True
955,0.2734560942001754,7.725,1,0,0,3,0,True,False
956,0.16071652261054742,262.375,0,2,2,1,0,False,False
957,0.3486158085932607,21.0,1,0,0,2,0,False,True
958,0.22334961793811853,7.8792,1,0,0,3,0,True,False
959,0.5866215708380309,42.4,0,0,0,1,0,False,True
960,0.38619566578980336,28.5375,0,0,0,1,0,False,False
961,0.7494676186897157,263.0,1,1,4,1,0,False,True
962,0.2985093323312038,7.75,1,0,0,3,0,True,False
963,0.2609294751346612,7.8958,0,0,0,3,0,False,True
964,0.3611424276587749,7.925,1,0,0,3,0,False,True
965,0.3548791181260178,27.7208,0,0,0,1,0,False,False
966,0.43630214205186024,211.5,1,0,0,1,0,False,False
967,0.4049855943880747,211.5,0,0,0,1,0,False,False
968,0.3486158085932607,8.05,0,0,0,3,0,False,True
969,0.6868345233621446,25.7,1,2,0,1,0,False,True
970,0.37366904672428913,13.0,0,0,0,2,0,False,True
971,0.2985093323312038,7.75,1,0,0,3,0,True,False
972,0.07303018915194788,15.2458,0,1,1,3,0,False,False
973,0.8371539521483152,221.7792,0,1,0,1,0,False,True
974,0.6116748089690592,26.0,0,0,0,1,0,False,True
975,0.3486158085932607,7.8958,0,0,0,3,0,False,True
976,0.3486158085932607,10.7083,0,0,0,2,0,True,False
977,0.3486158085932607,14.4542,0,1,0,3,0,False,False
978,0.33608918952774647,7.8792,1,0,0,3,0,True,False
979,0.22334961793811853,8.05,1,0,0,3,0,False,True
980,0.3486158085932607,7.75,1,0,0,3,0,True,False
981,0.02292371288989102,23.0,0,1,1,2,0,False,True
982,0.2734560942001754,13.9,1,1,0,3,0,False,True
983,0.3486158085932607,7.775,0,0,0,3,0,False,True
984,0.33608918952774647,52.0,1,1,2,1,0,False,True
985,0.3486158085932607,8.05,0,0,0,3,0,False,True
986,0.311035951396718,26.0,0,0,0,1,0,False,False
987,0.311035951396718,7.7958,0,0,0,3,0,False,True
988,0.9498935237379432,78.85,1,1,0,1,0,False,True
989,0.3611424276587749,7.925,0,0,0,3,0,False,True
990,0.24840285606914697,7.8542,1,0,0,3,0,False,True
991,0.4112489039208318,8.05,0,0,0,3,0,False,True
992,0.536515094575974,55.4417,1,1,0,1,0,False,False
993,0.33608918952774647,26.0,0,1,0,2,0,False,True
994,0.3486158085932607,7.75,0,0,0,3,0,True,False
995,0.32356257046223225,7.775,0,0,0,3,0,False,True
996,0.19829637980709008,8.5167,1,1,1,3,0,False,False
997,0.3486158085932607,22.525,0,0,0,3,0,False,True
998,0.2609294751346612,7.8208,0,0,0,3,0,True,False
999,0.3486158085932607,7.75,0,0,0,3,0,True,False
1000,0.3486158085932607,8.7125,0,0,0,3,0,False,True
1001,0.22961292747087564,13.0,0,0,0,2,0,False,True
1002,0.5114618564449456,15.0458,0,0,0,2,0,False,False
1003,0.3486158085932607,7.7792,1,0,0,3,0,True,False
1004,0.44882876111737446,31.6792,1,0,0,1,0,False,False
1005,0.22961292747087564,7.2833,1,0,0,3,0,True,False
1006,0.7870474758862583,221.7792,1,1,0,1,0,False,True
1007,0.22334961793811853,14.4542,0,1,0,3,0,False,False
1008,0.3486158085932607,6.4375,0,0,0,3,0,False,False
1009,0.0103970938243768,16.7,1,1,1,3,0,False,True
1010,0.44882876111737446,75.2417,0,0,0,1,0,False,False
1011,0.3611424276587749,26.0,1,1,0,2,0,False,True
1012,0.1481899035450332,15.75,1,0,0,2,0,False,True
1013,0.3486158085932607,7.75,0,1,0,3,0,True,False
1014,0.43630214205186024,57.75,1,1,0,1,0,False,False
1015,0.3486158085932607,7.25,0,0,0,3,0,False,True
1016,0.3486158085932607,7.75,0,0,0,3,0,True,False
1017,0.2108229988726043,16.1,1,0,1,3,0,False,True
1018,0.2734560942001754,7.7958,0,0,0,3,0,False,True
1019,0.3486158085932607,23.25,1,2,0,3,0,True,False
1020,0.5239884755104598,13.0,0,0,0,2,0,False,True
1021,0.2985093323312038,8.05,0,0,0,3,0,False,True
1022,0.3987222848553176,8.05,0,0,0,3,0,False,True
1023,0.6617812852311161,28.5,0,0,0,1,0,False,False
1024,0.3486158085932607,25.4667,1,0,4,3,0,False,True
1025,0.3486158085932607,6.4375,0,1,0,3,0,False,False
1026,0.536515094575974,7.8958,0,0,0,3,0,False,True
1027,0.2985093323312038,7.8542,0,0,0,3,0,False,True
1028,0.32982587999498936,7.225,0,0,0,3,0,False,False
1029,0.32356257046223225,13.0,0,0,0,2,0,False,True
1030,0.28598271326568964,8.05,1,0,0,3,0,False,True
1031,0.49893523737943135,46.9,0,1,6,3,0,False,True
1032,0.12313666541400477,46.9,1,5,2,3,0,False,True
1033,0.4112489039208318,151.55,1,0,0,1,0,False,True
1034,0.7619942377552299,262.375,0,1,3,1,0,False,False
1035,0.3486158085932607,26.0,0,0,0,2,0,False,True
1036,0.5239884755104598,26.55,0,0,0,1,0,False,True
1037,0.38619566578980336,18.0,0,3,0,3,0,False,True
1038,0.3486158085932607,51.8625,0,0,0,1,0,False,True
1039,0.2734560942001754,8.05,0,0,0,3,0,False,True
1040,0.3486158085932607,26.55,0,0,0,1,0,False,True
1041,0.37366904672428913,26.0,0,1,1,2,0,False,True
1042,0.28598271326568964,83.1583,1,0,1,1,0,False,False
1043,0.3486158085932607,7.8958,0,0,0,3,0,False,False
1044,0.7557309282224728,14.4542,0,0,0,3,0,False,True
1045,0.44882876111737446,12.1833,1,0,2,3,0,False,True
1046,0.16071652261054742,31.3875,0,4,2,3,0,False,True
1047,0.2985093323312038,7.55,0,0,0,3,0,False,True
1048,0.3611424276587749,221.7792,1,0,0,1,0,False,True
1049,0.28598271326568964,7.8542,1,0,0,3,0,False,True
1050,0.5239884755104598,26.55,0,0,0,1,0,False,True
1051,0.32356257046223225,13.775,1,0,2,3,0,False,True
1052,0.3486158085932607,7.7333,1,0,0,3,0,True,False
1053,0.0855568082174621,15.2458,0,1,1,3,0,False,False
1054,0.32356257046223225,13.5,1,0,0,2,0,False,True
1055,0.3486158085932607,7.0,0,0,0,3,0,False,True
1056,0.5114618564449456,13.0,0,0,0,2,0,False,True
1057,0.32356257046223225,22.025,1,1,1,3,0,False,True
1058,0.599148189903545,50.4958,0,0,0,1,0,False,False
1059,0.22334961793811853,34.375,0,2,2,3,0,False,True
1060,0.3486158085932607,27.7208,1,0,0,1,0,False,False
1061,0.2734560942001754,8.9625,1,0,0,3,0,False,True
1062,0.3486158085932607,7.55,0,0,0,3,0,False,True
1063,0.33608918952774647,7.225,0,0,0,3,0,False,False
1064,0.28598271326568964,13.9,0,1,0,3,0,False,True
1065,0.3486158085932607,7.2292,0,0,0,3,0,False,False
1066,0.49893523737943135,31.3875,0,1,5,3,0,False,True
1067,0.18576976074157586,39.0,1,0,2,2,0,False,True
1068,0.24840285606914697,36.75,1,0,0,2,0,False,True
1069,0.6743079042966303,55.4417,0,1,0,1,0,False,False
1070,0.44882876111737446,39.0,1,0,3,2,0,False,True
1071,0.7995740949517726,83.1583,1,0,2,1,0,False,False
1072,0.37366904672428913,13.0,0,0,0,2,0,False,True
1073,0.4613553801828887,83.1583,0,1,1,1,0,False,False
1074,0.22334961793811853,53.1,1,1,0,1,0,False,True
1075,0.3486158085932607,7.75,0,0,0,3,0,True,False
1076,0.33608918952774647,247.5208,1,1,1,1,0,False,False
1077,0.49893523737943135,16.0,0,0,0,2,0,False,True
1078,0.2609294751346612,21.0,1,0,1,2,0,False,True
1079,0.2108229988726043,8.05,0,2,0,3,0,False,True
1080,0.3486158085932607,69.55,1,8,2,3,0,False,True
1081,0.49893523737943135,13.0,0,0,0,2,0,False,True
1082,0.423775522986346,26.0,0,1,0,2,0,False,True
1083,0.3486158085932607,26.0,0,0,0,1,0,False,True
1084,0.1419265940122761,14.5,0,1,1,3,0,False,True
1085,0.7619942377552299,12.35,0,0,0,2,0,True,False
1086,0.09808342728297632,32.5,0,0,2,2,0,False,True
1087,0.4112489039208318,7.8542,0,0,0,3,0,False,True
1088,0.07303018915194788,134.5,0,0,2,1,0,False,False
1089,0.22334961793811853,7.775,1,0,0,3,0,False,True
1090,0.28598271326568964,10.5,0,0,0,2,0,False,True
1091,0.3486158085932607,8.1125,1,0,0,3,0,False,True
1092,0.3486158085932607,15.5,1,0,0,3,0,True,False
1093,0.0020042590504822755,14.4,0,0,2,3,0,False,True
1094,0.5866215708380309,227.525,0,1,0,1,0,False,False
1095,0.09808342728297632,26.0,1,1,1,2,0,False,True
1096,0.311035951396718,10.5,0,0,0,2,0,False,True
1097,0.3486158085932607,25.7417,0,0,0,1,0,False,False
1098,0.43630214205186024,7.75,1,0,0,3,0,True,False
1099,0.2985093323312038,10.5,0,0,0,2,0,False,True
1100,0.4112489039208318,27.7208,1,0,0,1,0,False,False
1101,0.311035951396718,7.8958,0,0,0,3,0,False,True
1102,0.3987222848553176,22.525,0,0,0,3,0,False,True
1103,0.3486158085932607,7.05,0,0,0,3,0,False,True
1104,0.2108229988726043,73.5,0,0,0,2,0,False,True
1105,0.7494676186897157,26.0,1,1,0,2,0,False,True
1106,0.4738819992484029,7.775,1,4,2,3,0,False,True
1107,0.5239884755104598,42.5,0,0,0,1,0,False,True
1108,0.3486158085932607,7.8792,1,0,0,3,0,True,False
1109,0.711887761493173,164.8667,0,1,1,1,0,False,True
1110,0.6242014280345735,211.5,1,1,1,1,0,False,False
1111,0.3486158085932607,8.05,0,0,0,3,0,False,True
1112,0.37366904672428913,13.8583,1,1,0,2,0,False,False
1113,0.2609294751346612,8.05,0,0,0,3,0,False,True
1114,0.2734560942001754,10.5,1,0,0,2,0,False,True
1115,0.2609294751346612,7.7958,0,0,0,3,0,False,True
1116,0.6617812852311161,27.4458,1,0,0,1,0,False,False
1117,0.3486158085932607,15.2458,1,0,2,3,0,False,False
1118,0.28598271326568964,7.7958,0,0,0,3,0,False,True
1119,0.3486158085932607,7.75,1,0,0,3,0,True,False
1120,0.5051985469121885,15.1,0,0,0,3,0,False,True
1121,0.44882876111737446,13.0,0,0,0,2,0,False,True
1122,0.17324314167606164,65.0,0,0,0,2,0,False,True
1123,0.2609294751346612,26.55,1,0,0,1,0,False,True
1124,0.2609294751346612,6.4958,0,1,0,3,0,False,True
1125,0.3486158085932607,7.8792,0,0,0,3,0,True,False
1126,0.48640861831391713,71.2833,0,1,0,1,0,False,False
1127,0.24840285606914697,7.8542,0,0,0,3,0,False,True
1128,0.7995740949517726,75.25,0,1,0,1,0,False,False
1129,0.24840285606914697,7.225,0,0,0,3,0,False,False
1130,0.22334961793811853,13.0,1,1,1,2,0,False,True
1131,0.599148189903545,106.425,1,1,0,1,0,False,False
1132,0.6868345233621446,27.7208,1,0,0,1,0,False,False
1133,0.5615683327070025,30.0,1,0,2,2,0,False,True
1134,0.5615683327070025,134.5,0,1,1,1,0,False,False
1135,0.3486158085932607,7.8875,0,0,0,3,0,False,True
1136,0.3486158085932607,23.45,0,1,2,3,0,False,True
1137,0.5114618564449456,51.8625,0,1,0,1,0,False,True
1138,0.2734560942001754,21.0,1,0,0,2,0,False,True
1139,0.5239884755104598,32.5,0,1,1,2,0,False,True
1140,0.3611424276587749,26.0,1,1,0,2,0,False,True
1141,0.3486158085932607,14.4542,1,1,0,3,0,False,False
1142,0.009394964299135665,27.75,1,1,2,2,0,False,True
1143,0.24840285606914697,7.925,0,0,0,3,0,False,True
1144,0.33608918952774647,136.7792,0,1,0,1,0,False,False
1145,0.2985093323312038,9.325,0,0,0,3,0,False,True
1146,0.4049855943880747,9.5,0,0,0,3,0,False,True
1147,0.3486158085932607,7.55,0,0,0,3,0,False,True
1148,0.3486158085932607,7.75,0,0,0,3,0,True,False
1149,0.3486158085932607,8.05,0,0,0,3,0,False,True
1150,0.23587623700363275,13.0,1,0,0,2,0,False,True
1151,0.2609294751346612,7.775,0,0,0,3,0,False,True
1152,0.4550920706501316,17.4,0,1,0,3,0,False,True
1153,0.2609294751346612,7.8542,0,0,0,3,0,False,True
1154,0.3611424276587749,23.0,1,0,2,2,0,False,True
1155,0.0103970938243768,12.1833,1,1,1,3,0,False,True
1156,0.37366904672428913,12.7375,0,0,0,2,0,False,False
1157,0.3486158085932607,7.8958,0,0,0,3,0,False,True
1158,0.3486158085932607,0.0,0,0,0,1,0,False,True
1159,0.3486158085932607,7.55,0,0,0,3,0,False,True
1160,0.3486158085932607,8.05,1,0,0,3,0,False,True
1161,0.2108229988726043,8.6625,0,0,0,3,0,False,True
1162,0.5740949517725167,75.2417,0,0,0,1,0,False,False
1163,0.3486158085932607,7.75,0,0,0,3,0,True,False
1164,0.32356257046223225,136.7792,1,1,0,1,0,False,False
1165,0.3486158085932607,15.5,1,1,0,3,0,True,False
1166,0.3486158085932607,7.225,0,0,0,3,0,False,False
1167,0.24840285606914697,26.0,1,1,0,2,0,False,True
1168,0.3486158085932607,10.5,0,0,0,2,0,False,True
1169,0.49893523737943135,26.0,0,1,0,2,0,False,True
1170,0.37366904672428913,21.0,0,1,0,2,0,False,True
1171,0.2734560942001754,10.5,0,0,0,2,0,False,True
1172,0.28598271326568964,8.6625,1,0,0,3,0,False,True
1173,0.007265439057998245,13.775,0,1,1,3,0,False,True
1174,0.3486158085932607,7.75,1,0,0,3,0,True,False
1175,0.11061004634849055,15.2458,1,1,1,3,0,False,False
1176,0.02292371288989102,20.2125,1,1,1,3,0,False,True
1177,0.44882876111737446,7.25,0,0,0,3,0,False,True
1178,0.3486158085932607,7.25,0,0,0,3,0,False,True
1179,0.2985093323312038,82.2667,0,1,0,1,0,False,True
1180,0.3486158085932607,7.2292,0,0,0,3,0,False,False
1181,0.3486158085932607,8.05,0,0,0,3,0,False,True
1182,0.3486158085932607,39.6,0,0,0,1,0,False,True
1183,0.37366904672428913,6.95,1,0,0,3,0,True,False
1184,0.3486158085932607,7.2292,0,0,0,3,0,False,False
1185,0.6617812852311161,81.8583,0,1,1,1,0,False,True
1186,0.44882876111737446,9.5,0,0,0,3,0,False,True
1187,0.32356257046223225,7.8958,0,0,0,3,0,False,True
1188,0.0103970938243768,41.5792,1,1,2,2,0,False,False
1189,0.3486158085932607,21.6792,0,2,0,3,0,False,False
1190,0.37366904672428913,45.5,0,0,0,1,0,False,True
1191,0.3611424276587749,7.8542,0,0,0,3,0,False,True
1192,0.3987222848553176,7.775,0,0,0,3,0,False,True
1193,0.3486158085932607,15.0458,0,0,0,2,0,False,False
1194,0.536515094575974,21.0,0,0,1,2,0,False,True
1195,0.2985093323312038,8.6625,0,0,0,3,0,False,True
1196,0.3486158085932607,7.75,1,0,0,3,0,True,False
1197,0.7995740949517726,26.55,1,1,1,1,0,False,True
1198,0.37366904672428913,151.55,0,1,2,1,0,False,True
1199,0.008267568583239383,9.35,0,0,1,3,0,False,True
1200,0.6868345233621446,93.5,0,1,1,1,0,False,True
1201,0.5615683327070025,14.1083,1,1,0,3,0,False,True
1202,0.22334961793811853,8.6625,0,0,0,3,0,False,True
1203,0.2734560942001754,7.225,0,0,0,3,0,False,False
1204,0.3486158085932607,7.575,0,0,0,3,0,False,True
1205,0.4613553801828887,7.75,1,0,0,3,0,True,False
1206,0.6868345233621446,135.6333,1,0,0,1,0,False,False
1207,0.2108229988726043,7.7333,1,0,0,3,0,True,False
1208,0.711887761493173,146.5208,0,1,0,1,0,False,False
1209,0.23587623700363275,10.5,0,0,0,2,0,False,True
1210,0.33608918952774647,7.8542,0,0,0,3,0,False,True
1211,0.2734560942001754,31.5,0,2,0,2,0,False,True
1212,0.32356257046223225,7.775,0,0,0,3,0,False,True
1213,0.311035951396718,7.2292,0,0,0,3,0,False,False
1214,0.32356257046223225,13.0,0,0,0,2,0,False,True
1215,0.4112489039208318,26.55,0,0,0,1,0,False,True
1216,0.48640861831391713,211.3375,1,0,0,1,0,False,True
1217,0.28598271326568964,7.05,0,0,0,3,0,False,True
1218,0.1481899035450332,39.0,1,2,1,2,0,False,True
1219,0.5740949517725167,79.2,0,0,0,1,0,False,False
1220,0.3611424276587749,26.0,0,1,0,2,0,False,True
1221,0.2609294751346612,13.0,0,0,0,2,0,False,True
1222,0.599148189903545,36.75,1,0,2,2,0,False,True
1223,0.48640861831391713,29.7,0,0,0,1,0,False,False
1224,0.3486158085932607,7.225,0,0,0,3,0,False,False
1225,0.23587623700363275,15.7417,1,1,1,3,0,False,False
1226,0.33608918952774647,7.8958,0,0,0,3,0,False,True
1227,0.37366904672428913,26.0,0,0,0,1,0,False,True
1228,0.3987222848553176,13.0,0,0,0,2,0,False,True
1229,0.48640861831391713,7.2292,0,0,2,3,0,False,False
1230,0.311035951396718,31.5,0,0,0,2,0,False,True
1231,0.3486158085932607,7.2292,0,0,0,3,0,False,False
1232,0.22334961793811853,10.5,0,0,0,2,0,False,True
1233,0.3987222848553176,7.5792,0,0,0,3,0,False,True
1234,0.3486158085932607,69.55,0,1,9,3,0,False,True
1235,0.7244143805586872,512.3292,1,0,1,1,0,False,False
1236,0.3486158085932607,14.5,0,1,1,3,0,False,True
1237,0.19829637980709008,7.65,1,0,0,3,0,False,True
1238,0.32356257046223225,13.0,0,0,0,2,0,False,True
1239,0.4738819992484029,7.2292,1,0,0,3,0,False,False
1240,0.2985093323312038,13.5,0,0,0,2,0,False,True
1241,0.38619566578980336,21.0,1,0,0,2,0,False,True
1242,0.5615683327070025,63.3583,1,0,1,1,0,False,False
1243,0.311035951396718,10.5,0,0,0,2,0,False,True
1244,0.22334961793811853,73.5,0,0,0,2,0,False,True
1245,0.6116748089690592,65.0,0,1,2,2,0,False,True
1246,0.0,20.575,1,1,2,3,0,False,True
1247,0.6242014280345735,26.0,0,0,0,1,0,False,True
1248,0.7369409996242015,51.4792,1,2,0,1,0,False,True
1249,0.3486158085932607,7.8792,0,0,0,3,0,False,True
1250,0.3486158085932607,7.75,0,0,0,3,0,True,False
1251,0.37366904672428913,15.55,1,1,0,3,0,False,True
1252,0.17950645120881875,69.55,0,8,2,3,0,False,True
1253,0.2985093323312038,37.0042,1,1,1,2,0,False,False
1254,0.38619566578980336,21.0,1,0,0,2,0,False,True
1255,0.33608918952774647,8.6625,0,0,0,3,0,False,True
1256,0.311035951396718,55.4417,1,1,0,1,0,False,False
1257,0.3486158085932607,69.55,1,1,9,3,0,False,True
1258,0.3486158085932607,14.4583,0,1,0,3,0,False,False
1259,0.2734560942001754,39.6875,1,0,0,3,0,False,True
1260,0.5615683327070025,59.4,1,0,1,1,0,False,False
1261,0.3611424276587749,13.8583,0,0,0,2,0,False,False
1262,0.2609294751346612,11.5,0,1,0,2,0,False,True
1263,0.38619566578980336,134.5,1,0,0,1,0,False,False
1264,0.6116748089690592,0.0,0,0,0,1,0,False,True
1265,0.5490417136414882,13.0,0,0,0,2,0,False,True
1266,0.6743079042966303,81.8583,1,1,1,1,0,False,True
1267,0.5615683327070025,262.375,1,0,0,1,0,False,False
1268,0.2734560942001754,8.6625,1,2,0,3,0,False,True
1269,0.2609294751346612,11.5,0,0,0,2,0,False,True
1270,0.6868345233621446,50.0,0,0,0,1,0,False,True
1271,0.06050357008643368,31.3875,0,4,2,3,0,False,True
1272,0.3486158085932607,7.75,0,0,0,3,0,True,False
1273,0.32356257046223225,7.8792,0,0,0,3,0,True,False
1274,0.3486158085932607,14.5,1,0,0,3,0,False,True
1275,0.23587623700363275,16.1,1,1,0,3,0,False,True
1276,0.3486158085932607,12.875,0,0,0,2,0,False,True
1277,0.2985093323312038,65.0,1,1,2,2,0,False,True
1278,0.2985093323312038,7.775,0,0,0,3,0,False,True
1279,0.711887761493173,13.0,0,0,0,2,0,False,True
1280,0.2609294751346612,7.75,0,0,0,3,0,True,False
1281,0.07303018915194788,21.075,0,3,1,3,0,False,True
1282,0.28598271326568964,93.5,0,0,0,1,0,False,True
1283,0.6367280471000877,39.4,1,0,1,1,0,False,True
1284,0.16071652261054742,20.25,0,0,2,3,0,False,True
1285,0.5866215708380309,10.5,0,0,0,2,0,False,True
1286,0.3611424276587749,22.025,0,3,1,3,0,False,True
1287,0.22334961793811853,60.0,1,1,0,1,0,False,True
1288,0.2985093323312038,7.25,0,0,0,3,0,True,False
1289,0.599148189903545,79.2,1,1,1,1,0,False,False
1290,0.2734560942001754,7.775,0,0,0,3,0,False,True
1291,0.38619566578980336,7.7333,0,0,0,3,0,True,False
1292,0.37366904672428913,164.8667,1,0,0,1,0,False,True
1293,0.4738819992484029,21.0,0,1,0,2,0,False,True
1294,0.2734560942001754,59.4,1,0,1,1,0,False,False
1295,0.2108229988726043,47.1,0,0,0,1,0,False,True
1296,0.536515094575974,27.7208,0,1,0,1,0,False,False
1297,0.24840285606914697,13.8625,0,0,0,2,0,False,False
1298,0.28598271326568964,10.5,0,1,0,2,0,False,True
1299,0.6242014280345735,211.5,0,1,1,1,0,False,False
1300,0.3486158085932607,7.7208,1,0,0,3,0,True,False
1301,0.035450331955405236,13.775,1,1,1,3,0,False,True
1302,0.3486158085932607,7.75,1,0,0,3,0,True,False
1303,0.4613553801828887,90.0,1,1,0,1,0,True,False
1304,0.3486158085932607,7.775,1,0,0,3,0,False,True
1305,0.3486158085932607,8.05,0,0,0,3,0,False,True
1306,0.48640861831391713,108.9,1,0,0,1,0,False,False
1307,0.48014530878116,7.25,0,0,0,3,0,False,True
1308,0.3486158085932607,8.05,0,0,0,3,0,False,True
1309,0.3486158085932607,22.3583,0,1,1,3,0,False,False
